<beans xmlns="http://www.springframework.org/schema/beans"
	xmlns:xsi="http://www.w3.org/2001/XMLSchema-instance" xmlns:context="http://www.springframework.org/schema/context"
	xmlns:mvc="http://www.springframework.org/schema/mvc" xmlns:tx="http://www.springframework.org/schema/tx"
	xsi:schemaLocation="http://www.springframework.org/schema/beans 
    http://www.springframework.org/schema/beans/spring-beans-4.0.xsd">

	<bean id="moi" class="com.test.Personne">
		<property name="nom" value="Aubin"></property>
		<property name="prenom" value="André"></property>
	</bean>

	<bean id="maVoiture" class="com.test.Voiture">
		<property name="marque" value="Renault"></property>
		<property name="modele" value="Clio"></property>
		<property name="conducteur" ref="moi"></property>
	</bean>
</beans>